zone_id,zone_name,Benthosema_fibulatum,Benthosema_glaciale,Benthosema_panamense,Benthosema_suborbitale,Bolinichthys_distofax,Bolinichthys_indicus,Bolinichthys_longipes,Bolinichthys_nikolayi,Bolinichthys_photothorax,Bolinichthys_pyrsobolus,Bolinichthys_supralateralis,Centrobranchus_andreae,Centrobranchus_choerocephalus,Centrobranchus_nigroocellatus,Ceratoscopelus_maderensis,Ceratoscopelus_townsendi,Ceratoscopelus_warmingii,Diaphus_aliciae,Diaphus_anderseni,Diaphus_arabicus,Diaphus_bertelseni,Diaphus_brachycephalus,Diaphus_danae,Diaphus_diadematus,Diaphus_diademophilus,Diaphus_dumerilii,Diaphus_effulgens,Diaphus_fragilis,Diaphus_fulgens,Diaphus_garmani,Diaphus_holti,Diaphus_hudsoni,Diaphus_jenseni,Diaphus_lucidus,Diaphus_luetkeni,Diaphus_malayanus,Diaphus_meadi,Diaphus_metopoclampus,Diaphus_mollis,Diaphus_nielseni,Diaphus_ostenfeldi,Diaphus_pacificus,Diaphus_parri,Diaphus_perspicillatus,Diaphus_phillipsi,Diaphus_problematicus,Diaphus_rafinesquii,Diaphus_regani,Diaphus_richardsoni,Diaphus_schmidti,Diaphus_signatus,Diaphus_splendidus,Diaphus_subtilis,Diaphus_termophilus,Diaphus_theta,Diaphus_thiollierei,Diaphus_vanhoeffeni,Diogenichthys_atlanticus,Diogenichthys_laternatus,Diogenichthys_panurgus,Electrona_antarctica,Electrona_carlsbergi,Electrona_paucirastra,Electrona_risso,Electrona_subaspera,Gonichthys_barnesi,Gonichthys_cocco,Gonichthys_tenuiculus,Gymnoscopelus_bolini,Gymnoscopelus_braueri,Gymnoscopelus_fraseri,Gymnoscopelus_nicholsi,Gymnoscopelus_opisthopterus,Gymnoscopelus_piabilis,Hintonia_candens,Hygophum_atratum,Hygophum_benoiti,Hygophum_hanseni,Hygophum_hygomii,Hygophum_macrochir,Hygophum_proximum,Hygophum_reinhardtii,Hygophum_taaningi,Krefftichthys_anderssoni,Lampadena_anomala,Lampadena_chavesi,Lampadena_luminosa,Lampadena_notialis,Lampadena_pontifex,Lampadena_speculigera,Lampadena_urophaos,Lampanyctus_alatus,Lampanyctus_australis,Lampanyctus_crocodilus,Lampanyctus_festivus,Lampanyctus_hubbsi,Lampanyctus_intricarius,Lampanyctus_iselinoides,Lampanyctus_jordani,Lampanyctus_lepidolychnus,Lampanyctus_macdonaldi,Lampanyctus_macropterus,Lampanyctus_nobilis,Lampanyctus_omostigma,Lampanyctus_parvicauda,Lampanyctus_photonotus,Lampanyctus_pusillus,Lampanyctus_steinbecki,Lampanyctus_tenuiformis,Lampanyctus_vadulus,Lampichthys_procerus,Lepidophanes_gaussi,Lepidophanes_guentheri,Lobianchia_dofleini,Lobianchia_gemellarii,Loweina_interrupta,Loweina_rara,Metelectrona_ventralis,Myctophum_affine,Myctophum_asperum,Myctophum_aurolaternatum,Myctophum_brachygnathum,Myctophum_lychnobium,Myctophum_nitidulum,Myctophum_obtusirostre,Myctophum_phengodes,Myctophum_punctatum,Myctophum_selenops,Myctophum_spinosum,Nannobrachium_achirus,Nannobrachium_atrum,Nannobrachium_cuprarium,Nannobrachium_idostigma,Nannobrachium_isaacsi,Nannobrachium_lineatum,Nannobrachium_nigrum,Nannobrachium_regale,Nannobrachium_ritteri,Nannobrachium_wisneri,Notolychnus_valdiviae,Parvilux_ingens,Protomyctophum_andriashevi,Protomyctophum_arcticum,Protomyctophum_bolini,Protomyctophum_crockeri,Protomyctophum_normani,Protomyctophum_parallelum,Protomyctophum_subparallelum,Protomyctophum_tenisoni,Protomyctophum_thompsoni,Scopelopsis_multipunctatus,Stenobrachius_leucopsarus,Stenobrachius_nannochir,Symbolophorus_barnardi,Symbolophorus_boops,Symbolophorus_californiensis,Symbolophorus_evermanni,Symbolophorus_kreffti,Symbolophorus_rufinus,Symbolophorus_veranyi,Taaningichthys_bathyphilus,Taaningichthys_minimus,Taaningichthys_paurolychnus,Tarletonbeania_crenularis,Tarletonbeania_taylori,Triphoturus_mexicanus,Triphoturus_nigrescens,total_sp_present
1,Arctic,0,18113,0,26,0,47,0,0,0,0,378,0,0,43,48,2,289,0,1014,0,19,0,0,0,0,48,296,0,0,143,47,0,0,0,0,0,0,487,42,0,0,0,0,29,0,0,241,0,0,0,0,0,0,0,0,0,0,164,0,0,0,0,0,980,1,0,47,0,0,0,0,0,0,1,0,0,47,0,63,47,0,42,0,0,685,0,0,0,0,2858,71,0,0,170,44,0,2549,0,0,0,6699,0,0,0,0,47,323,0,3,0,0,0,48,770,1180,24,12,0,48,2,0,0,0,30,0,0,458,17,0,0,52,0,0,0,47,0,0,0,0,47,0,0,1930,0,0,3,0,0,0,0,0,0,0,0,0,0,0,0,0,1348,49,16,0,0,0,0,0,55
2,Pacific Subarctic,43,63,0,4603,1578,0,2094,0,36,3945,162,78,967,2242,0,18661,10815,58,2144,0,764,834,0,23,3,0,4086,572,507,161,0,0,0,784,69,0,0,2682,4642,32,0,0,1194,5704,97,23,0,5,0,942,43,101,0,2,21117,0,0,9756,9,0,0,81,0,8327,0,0,0,7,76,0,37,50,0,74,48,507,0,0,76,0,1095,3884,0,1,1137,0,1089,0,0,80,12627,1965,0,0,3606,4,20,0,19543,0,243,0,380,1,0,0,121,8539,7575,0,0,0,0,9,10951,112,4278,4,0,1544,14,146,504,5337,443,0,34,10667,341,0,0,0,16,0,5,441,20933,19918,0,12790,5142,308,0,1,18214,1,15,0,45,20621,0,20901,21087,0,0,20210,1168,0,0,0,20975,2451,9514,18671,19799,2982,2616,107
3,California Current,23,52,160,3021,0,0,3029,0,392,3029,150,38,1693,2343,7,3029,3029,1,2643,0,1540,1792,0,0,0,0,2193,734,0,179,58,0,0,1582,724,0,0,1902,2826,0,5,239,236,2836,1560,5,0,0,0,0,97,1,0,47,2959,0,0,3029,1816,0,0,0,1,3029,0,0,0,1370,10,0,0,4,0,1,0,2543,0,0,4,7,652,3029,0,0,1303,105,2503,0,3,2,3029,2647,0,0,2971,0,103,0,1553,0,27,5,359,65,218,0,376,2914,3029,0,0,0,0,340,2980,0,3029,0,0,587,331,21,389,3029,449,0,0,2809,48,0,112,0,1852,0,763,0,2930,3029,0,3029,3029,4,0,0,3022,0,0,0,4,2685,0,2928,2844,0,0,3009,1028,0,0,7,3029,1872,3029,2758,1003,3022,3029,101
4,Northern Central Pacific,14373,0,442,55149,45263,0,54257,0,34708,43898,12442,39864,48082,51712,0,57474,57474,22449,50343,0,35690,45241,0,693,18878,0,50376,46568,38186,34867,81,0,26103,38897,33517,22789,0,14306,54214,21202,0,1407,45570,53183,49906,32631,0,23962,15651,43335,26782,35174,0,12974,20467,105,0,57474,13060,711,0,0,0,50787,0,0,0,9892,0,0,0,0,0,0,0,6831,0,0,3279,30,50182,56873,0,0,51252,239,46390,0,0,21,57451,41671,0,0,50723,3629,0,0,13401,0,0,26407,44363,5785,3674,0,702,56560,55122,3461,0,0,0,167,55528,217,56957,0,0,43789,16575,32481,49948,57086,43038,0,0,51778,40113,0,1,0,5568,0,22205,35152,23647,22529,0,57474,19638,0,0,0,18545,0,0,0,0,9545,0,15489,11438,0,0,28018,51845,0,21032,0,57474,47695,56978,7291,7152,31072,55283,105
5,Eastern Tropical Pacific,4616,0,5063,12825,4847,0,19477,0,11974,19496,2143,1052,23,5935,0,19520,19520,5765,2060,0,3031,3201,0,4,14804,0,2972,19486,13192,18539,1177,2339,9198,17846,15513,14394,0,533,7732,8447,0,6184,18854,8215,13909,17050,0,16424,404,3336,14500,14666,0,7474,0,3980,0,19520,19496,3682,0,0,0,19402,0,1,0,19444,59,0,0,0,0,50,0,14313,0,858,0,4600,19495,19520,0,26,19383,0,15458,0,17,0,18955,8949,3833,0,10285,12334,3505,0,0,0,10,15894,16662,19071,14171,0,5,18279,19520,1948,3530,0,0,4011,10536,0,19520,4000,0,18931,19520,2612,18730,19520,15028,212,0,6960,14879,1479,2051,0,15145,0,15662,10154,0,4066,0,19520,136,5,0,0,22,0,718,335,17,0,268,0,0,3828,561,485,19520,13,12629,0,19520,454,16460,0,0,18278,19507,115
6,Equatorial Pacific,5739,0,9,9048,9048,0,8803,2002,9048,9044,6842,8743,6984,9048,0,9048,9048,8988,8971,0,9034,9035,464,2552,9042,0,9003,9048,9048,9048,0,0,9048,9048,9048,8773,219,4809,9048,9048,0,0,9048,9048,9037,9048,0,9048,7956,9034,9043,9048,0,8959,0,2364,0,9048,2466,2967,0,11,0,8408,0,0,0,702,38,0,0,0,0,11,0,17,0,27,793,327,8876,9048,0,0,9048,0,9048,58,0,0,8764,9048,125,0,9015,6117,0,0,0,275,0,9037,9048,7028,1,0,1,9048,9048,8878,118,0,0,158,9048,0,9044,93,0,9048,8783,8835,9048,9048,9048,107,0,9048,9048,1543,2265,0,4,0,7024,9009,0,0,0,9048,0,11,0,0,0,0,0,0,0,0,2488,0,0,194,0,0,9047,0,9048,0,9048,6026,6797,0,0,92,9036,105
7,Peru Upwelling/Humboldt Current,137,0,7,2968,0,0,3403,153,874,1606,1353,15,0,847,0,3821,3821,129,622,0,756,716,342,36,27,0,497,815,4,172,2409,3821,0,2012,1296,21,668,667,1377,0,2368,15,979,1227,8,57,0,4,31,0,176,12,0,1775,0,202,0,3821,2961,135,0,13,2206,3821,302,1121,0,3030,235,77,0,125,0,1168,577,1753,0,3803,585,1328,2614,3821,0,193,376,211,1458,0,191,39,3539,2688,3814,0,3821,204,3821,2343,0,0,1239,92,171,1004,1660,0,2114,896,3761,26,3821,0,0,3821,1974,356,3719,3821,0,3821,1785,69,138,3821,128,1952,0,982,113,1235,3352,0,1743,72,19,0,0,0,2352,3821,62,7,0,148,0,73,3729,3817,164,0,830,0,0,3816,3810,0,2392,1725,63,30,3813,0,2325,0,0,3660,2349,125
8,Southern Central Pacific,26419,0,0,59973,40752,21,55847,43493,46741,31368,57864,33958,6451,57789,0,60061,60107,35081,54321,0,49654,56052,34951,43386,25974,0,53196,49361,30150,36571,412,19682,29290,50542,43733,32335,32638,50643,58952,23815,16536,0,58025,58809,47660,36539,0,28971,22532,32523,29965,48646,0,57924,0,27610,0,60107,12086,27343,0,1392,2753,53586,3620,24460,0,11209,1956,55,295,103,6,1681,2325,4538,0,19383,46761,3550,55731,60096,0,133,59424,24566,55813,19360,0,5891,59869,59705,30451,0,60107,17013,22743,13,0,8480,3269,19665,47677,12601,1054,0,36958,41518,52349,28381,28387,0,0,51598,59665,21162,58781,19313,0,57102,24931,23811,25160,60077,42182,37868,0,57771,44439,44158,57045,0,2213,0,8853,25009,0,0,16060,60107,0,134,0,108,0,3304,3431,18929,261,0,50586,0,0,34838,13429,0,52293,1,40992,0,60107,3729,17543,0,0,9202,55807,131
9,Coral Sea,3965,0,0,5456,4330,0,5456,5456,5456,4739,5456,5195,10,5456,0,5456,5456,5078,5456,0,5456,5456,4779,5456,1096,0,5456,5456,2569,5212,0,912,4127,5456,5456,5040,3150,5438,5456,2068,268,0,5456,5456,5424,5409,0,4381,4585,3379,2746,5456,0,5456,0,1958,0,5456,0,4973,0,8,0,4907,4,2117,0,0,31,0,0,0,0,54,0,0,0,887,5415,137,5456,5456,0,0,5456,2077,5456,977,0,328,5454,5456,2276,0,5456,90,1475,0,0,2028,48,751,5456,49,0,0,3378,5170,5456,5243,1769,0,0,5311,5456,1690,5261,1148,0,5456,2590,4090,340,5456,5456,4166,0,5456,5456,4373,5402,0,0,0,4753,4761,0,0,0,5456,0,0,0,0,0,185,0,8,0,0,5420,0,0,3468,341,0,5456,0,5456,0,5456,1975,1071,0,0,0,5456,109
10,Tasman Sea,984,0,0,4459,0,0,3765,4394,2974,208,4459,354,0,4459,0,4459,4459,563,4201,0,4398,4329,4459,4080,10,0,4459,3012,27,1826,0,4459,48,3967,2758,145,4459,4459,4459,33,4065,0,4396,4459,1136,840,0,56,22,11,40,3030,0,4459,0,9,0,4459,0,1057,0,1438,2613,4459,2036,4459,0,0,2233,5,120,17,0,1658,1705,0,0,4459,4459,0,3887,4459,0,75,4459,4185,3701,4424,0,4238,4459,4459,4459,0,4459,0,4459,0,0,4458,3473,0,2572,0,0,0,4459,1192,3522,270,4459,0,0,4459,4459,4459,4459,4388,0,4159,15,489,0,4459,2561,4459,0,4459,2690,4459,4459,0,0,0,1150,66,0,0,1977,4459,0,64,0,18,0,4120,1942,4295,129,0,4459,0,0,4459,4165,0,3134,0,2177,0,4459,2327,2842,0,0,0,3921,113
11,Sea of Japan,97,600,0,562,684,0,10,0,0,0,92,0,0,435,0,449,948,0,515,0,147,7,0,0,0,0,735,5,0,432,0,0,0,102,0,0,1,427,573,0,0,0,268,443,0,0,0,0,0,0,0,0,0,0,956,0,0,958,0,0,0,0,0,1044,0,400,0,0,0,0,0,0,0,30,0,0,0,0,246,0,328,797,0,0,691,267,101,0,0,1044,962,524,0,0,765,0,1044,0,1,0,1044,0,4,0,0,0,662,0,445,0,0,0,0,915,1022,603,0,0,0,739,0,148,0,632,119,0,543,347,27,0,0,0,0,0,7,83,0,0,524,816,0,9,0,0,0,0,0,0,0,759,0,231,378,0,0,1039,176,0,0,959,230,239,496,0,1,38,133,69
12,South China Sea,1149,0,0,1827,1827,0,1827,0,1827,1827,1827,1827,1827,1827,0,1827,1827,1827,1658,0,1827,1827,0,424,1827,0,1827,1827,1827,1827,0,0,1827,1827,1827,1827,0,493,1827,1827,0,0,1827,1827,1827,1827,0,1827,1827,1827,1827,1827,0,1827,0,1386,0,1827,0,1827,0,0,0,1827,0,0,0,392,0,0,0,0,0,0,0,0,0,0,114,1804,1827,1827,0,0,1827,0,1827,0,0,0,7,1827,0,0,1827,11,0,0,0,0,0,1827,1827,0,0,0,0,190,1827,1827,0,0,0,0,1827,0,1827,0,0,1827,1827,1827,1827,1827,1827,0,0,1827,1827,0,3,0,0,0,1827,1827,0,0,0,1827,0,0,0,0,0,0,0,0,0,0,0,0,0,0,0,0,1827,0,1827,0,1827,1767,1827,0,0,0,1827,79
13,"Indo-Pacific ""Pocket"" Basins",1612,0,0,2370,2140,0,2358,11,2169,2360,2317,2364,2301,2310,0,2370,2370,2370,2140,0,2264,2370,7,1675,2349,0,2370,2370,2370,2370,0,0,2370,2370,2370,2357,15,1120,2370,2370,0,0,2370,2370,2370,2370,0,2370,2362,2312,2362,2370,0,2370,0,1750,0,2370,2,2160,0,0,0,2313,0,0,0,5,1,0,0,0,0,9,0,0,0,0,110,1437,2363,2370,0,0,2370,0,2370,11,0,0,382,2370,20,0,2361,1274,0,0,0,58,0,2350,2370,301,0,0,0,2104,2370,2370,83,0,0,9,2370,18,2364,17,0,2370,2331,2370,2370,2370,2370,15,0,2360,2370,327,29,0,0,0,2364,2370,0,0,0,2370,0,0,0,0,0,0,0,0,0,0,1103,0,0,17,0,0,2370,0,2370,0,2370,2122,2333,0,0,0,2367,97
14,Arabian Sea,2970,0,66,1152,0,33,2970,0,122,2970,475,1392,0,9,0,25,2970,2951,4,2970,1,0,0,0,2970,0,2,2970,1133,2970,1678,0,267,2970,1570,2410,0,0,44,1011,0,0,2970,148,2919,2970,0,2969,454,3,2535,1557,0,0,0,2970,0,2970,8,2970,0,0,0,2501,0,0,0,0,0,0,0,0,0,0,0,26,0,0,0,2970,2970,406,0,0,2970,0,2786,0,0,0,53,1,0,0,0,138,0,0,0,0,0,2970,2858,80,25,0,0,110,2765,438,0,0,0,2,889,0,2582,0,0,476,2970,613,2970,2970,225,0,0,0,1806,0,0,0,3,0,2961,0,0,0,0,2970,52,0,0,0,0,0,0,0,0,0,0,0,0,0,0,0,2970,0,2970,0,2970,0,2291,0,0,0,2970,77
15,Bay of Bengal,1601,0,0,71,0,0,1601,0,0,1601,472,511,0,0,0,1027,1601,1601,0,8,0,0,0,0,23,0,0,935,19,1601,406,0,0,1601,1502,12,0,0,4,23,0,0,1598,9,1597,1601,0,1531,1601,0,23,1130,0,0,0,1601,0,1601,195,1601,0,0,0,1438,0,0,0,1245,0,0,0,0,0,0,0,0,0,0,0,1601,1601,39,0,0,1601,0,1601,0,0,0,0,65,0,0,0,0,0,0,0,0,0,1601,1601,19,3,0,0,0,1545,303,0,0,0,0,159,0,1,0,0,1601,1601,226,1601,1601,14,0,0,0,40,0,0,0,884,0,1601,0,0,0,0,1601,0,0,0,0,0,0,0,0,0,0,0,0,0,0,0,0,1601,0,803,0,1601,0,1601,0,0,564,858,64
16,Somali Current,1332,0,0,1332,0,988,1332,0,1093,1332,1261,1327,0,710,0,754,1332,1332,6,1210,353,665,0,37,1332,0,467,1332,1332,1332,187,0,1310,1332,1332,1332,2,434,1075,1332,0,0,1332,1152,1332,1332,0,1332,1287,375,1332,1332,0,338,0,1332,0,1332,0,1332,0,0,0,1332,0,0,0,0,0,0,0,0,0,0,0,0,0,0,107,491,1332,240,0,0,1332,0,1332,0,0,0,51,998,37,0,135,31,0,0,0,37,0,1332,1332,17,0,0,0,1110,1332,1298,37,0,0,60,1332,0,1296,0,0,1222,1332,1216,1332,1332,1218,0,0,485,1332,37,82,0,0,0,1332,0,0,0,0,1332,0,0,0,0,0,0,0,0,0,0,37,0,0,0,0,0,1332,0,1332,0,1332,68,1332,0,0,0,1332,86
17,Northern Indian Ocean,18247,0,0,17878,1202,11039,18242,0,15254,18248,17052,15671,939,14418,0,16166,18248,18248,604,2479,5181,14052,0,3445,16722,0,7515,18246,16301,18248,53,3,15191,18248,18248,17509,205,3637,15543,15814,0,0,18248,15917,18214,18248,0,18242,18038,3125,16548,18248,0,1881,0,18150,0,18248,15,18245,0,0,0,8411,0,17,0,832,8,0,0,0,0,64,0,0,0,38,2257,11689,18242,451,0,0,18248,0,18248,16,0,0,7,16924,948,0,7437,427,0,0,0,851,0,18230,18248,404,0,0,177,13473,18248,18204,838,0,0,1228,17647,0,5191,323,0,17987,14294,16497,17891,18248,14863,333,0,7312,17305,1191,191,0,40,0,18177,1420,0,0,0,18248,0,3,0,0,0,11,0,0,0,0,3635,0,0,224,96,0,18248,0,18173,0,18248,1730,9278,0,0,5,18095,106
18,Mid-Indian Ocean,11625,0,0,12787,1819,12787,12712,0,12786,8080,12787,8163,305,12787,0,12787,12787,11781,7452,0,10753,12787,26,10759,4258,0,12684,12704,9086,11699,0,43,9622,12787,12489,8316,2751,9182,12787,7981,0,0,12787,12787,12173,12011,0,8334,11963,597,7450,12768,0,3835,0,11663,0,12787,0,10905,0,0,0,7615,0,2339,0,0,0,0,0,0,0,1,0,0,0,2,9361,1449,12787,83,0,0,11966,3671,12787,671,0,6,223,12787,2550,0,12787,0,1,0,0,2865,0,5712,12783,0,0,0,5740,9816,12787,7244,889,0,0,8123,12787,376,136,1019,0,12787,669,10076,3097,12787,10251,6585,0,12170,12216,3140,269,0,0,0,8812,1007,0,0,0,12787,0,0,0,0,0,4,0,0,0,0,9372,0,0,1934,188,0,12785,0,9621,0,12787,8370,2559,0,0,0,12787,101
19,Southern Indian Ocean,4145,0,0,21366,235,21366,6813,0,6730,45,21366,264,0,20246,0,3722,21366,2186,10462,0,16102,15819,13655,19382,0,0,21366,5539,8,10152,1,16839,303,18786,5527,692,21326,21366,21366,284,14237,0,20136,21366,3609,4307,0,261,4475,2,108,8364,0,7698,0,1226,0,21366,0,8294,0,5745,10658,21366,7839,21019,0,0,5967,0,404,0,0,5172,6771,0,0,16867,21366,32,15793,207,0,26,21066,21358,14508,18057,0,16443,588,21366,21363,0,21366,0,17145,0,0,21366,8262,0,6595,0,0,0,21366,16,9045,820,17239,0,0,21366,21366,21021,641,18491,0,18780,0,2534,0,16976,2483,21348,0,12845,6541,21329,19607,0,0,0,8135,15,0,0,3134,21366,0,323,0,0,0,11479,3706,11813,36,0,21366,0,0,21124,17562,0,6504,0,2554,0,21366,17590,1713,0,0,0,15199,111
20,Agulhas Current,2691,0,0,3608,94,3608,3448,2,3595,1581,3608,1779,0,3608,0,2131,3608,2756,1639,0,3608,3608,1977,3608,1486,91,3608,3485,1690,3588,91,1651,2038,3608,3550,2004,2791,3608,3608,2508,677,0,3608,3608,2044,3181,0,2072,3113,825,1936,3580,0,3515,0,2249,0,3608,0,3485,0,298,999,3608,252,2113,91,0,304,0,0,0,0,321,80,0,0,1892,3608,380,3517,186,91,0,3608,2149,3608,2275,9,1951,43,3608,3137,0,3608,0,1728,0,0,3107,745,1262,3474,2,0,91,3299,1789,3600,2088,2390,91,91,3608,3608,2430,797,2300,91,3608,279,2545,1035,3608,2942,3028,0,3608,3515,3308,2685,91,0,2,3497,437,0,0,70,3608,0,56,0,0,0,1697,1,252,1,0,3608,0,0,2581,1737,0,3402,0,2978,91,3608,3608,2259,0,0,0,3519,126
21,Northwest Atlantic Subarctic,0,10669,0,4885,33,8815,0,0,909,239,9650,10,0,5534,9273,2095,6364,25,703,0,4379,1573,0,13,0,9273,9364,516,0,567,7027,0,0,2276,580,25,0,7363,5594,0,0,0,0,5294,27,510,9129,9,9,0,0,637,423,1606,0,0,0,6605,0,19,0,0,1,7508,10,30,9131,0,50,0,0,0,0,80,36,0,8187,0,6691,4581,0,4172,1735,0,8877,4778,895,0,0,10416,8005,4453,0,9273,5494,0,10150,0,0,0,10669,0,531,0,0,8823,7569,0,633,217,0,3076,9273,8718,9327,4973,4401,3,8935,1202,0,17,0,4201,631,0,9849,5067,0,0,9247,1956,0,0,9271,11,0,0,0,7243,0,0,9913,0,0,530,0,0,0,0,0,0,0,0,0,0,0,0,411,9269,9892,5027,1448,0,0,0,153,93
22,North Atlantic Drift,0,6301,0,6301,0,6301,0,0,2307,0,6301,0,0,6301,6301,4662,6301,0,654,0,4805,5357,0,0,0,6301,6301,1065,0,742,6301,0,0,6026,584,0,0,6301,6301,0,0,0,0,6301,0,823,6301,0,0,0,0,1568,218,5248,0,0,0,6301,0,0,0,0,32,6301,0,0,6301,0,0,0,0,0,0,0,0,0,6301,0,6301,4070,0,6301,5878,0,6301,6301,2380,2,11,6301,6301,6301,0,6301,6301,0,6301,0,0,0,6301,0,600,0,0,6301,6301,0,1957,0,0,6301,6301,6301,6301,6301,6301,1,4993,4506,0,0,0,6301,2128,0,6301,6301,0,0,6301,5962,0,0,6301,0,0,0,0,6301,0,0,6282,0,0,131,0,0,0,0,0,0,0,0,0,0,0,3,462,6301,6301,6301,6125,0,0,0,1,78
23,Gulf of Mexico,264,6,0,1195,78,1195,23,0,1195,518,1195,89,0,1195,1195,1195,1195,142,384,0,1195,1195,0,2,0,1195,1195,1195,0,1195,1195,0,0,1195,1195,460,0,1195,1195,0,0,0,0,1195,653,1195,1195,136,94,0,178,1195,1195,1195,0,0,787,1195,0,31,0,0,0,1195,0,0,1195,0,0,0,0,0,0,0,0,0,1195,0,1195,1195,156,1195,1195,0,1195,1107,1195,0,205,582,1195,1195,0,707,1195,0,344,0,0,0,3,335,1195,0,0,1195,1195,0,1195,1195,0,1195,1195,1195,1195,28,1195,0,1195,1195,0,257,12,1195,1195,0,3,1195,0,0,1195,1195,0,1132,1195,0,0,0,0,1195,0,0,0,0,0,0,0,0,0,0,0,0,0,0,0,0,70,719,1195,1195,1195,1195,1195,0,0,0,565,94
24,Central North Atlantic,1043,17931,0,31496,2527,31496,92,0,29961,1926,31496,2032,0,31496,31490,31235,31496,2130,1041,0,31254,31496,0,400,210,31496,31496,29669,164,24307,31460,0,154,31496,28988,1256,0,29825,31496,448,0,0,24,31496,5125,30180,30355,1223,2856,4,646,30238,29996,31242,0,18,5901,31496,0,887,0,0,10,31408,0,0,31496,0,0,0,0,0,0,0,0,0,31496,0,30044,28946,837,31496,31496,0,31496,27525,30396,1,1647,22152,31496,31496,0,23247,31496,5,16695,0,0,0,8369,6379,29017,0,0,31493,31481,27,29113,17797,0,31496,31496,31496,31496,17142,31496,0,29778,30184,15,1250,157,31496,30110,0,16696,31496,38,0,31496,31044,0,7238,31496,14,0,0,0,31496,0,0,1328,0,0,7,0,0,0,0,0,0,0,0,0,0,745,9812,30468,30492,31496,31496,31001,0,0,0,2326,110
25,Mediterranean,400,2381,0,2381,0,2381,431,78,2378,0,2381,276,0,2381,2381,2333,2381,0,0,0,2381,2381,238,4,0,0,2381,1597,0,1433,2381,0,37,2381,2352,0,3,2381,2381,0,0,0,2381,2381,0,2362,2381,0,0,351,0,2381,0,1554,0,985,0,2381,0,7,0,0,10,2381,0,0,2381,0,0,0,0,0,0,0,0,0,2381,0,2381,0,435,2381,0,0,2381,2381,2354,4,0,2381,2381,2381,0,2381,2381,0,2381,0,0,0,108,282,417,0,0,0,2381,0,0,81,0,1973,0,2381,2381,2381,2267,0,0,0,0,0,0,2381,2368,0,2381,2381,1030,0,2381,0,0,0,2381,0,0,0,0,2381,0,0,0,0,0,3,0,0,0,0,0,0,0,0,0,0,0,0,2378,2381,2381,2381,2381,0,0,0,195,79
26,Mauritania/Cape Verde,65,1218,0,1863,3,1863,55,0,1863,801,1863,23,0,1863,1802,1863,1863,124,48,0,1863,1863,0,6,624,1863,1863,1863,229,1850,1863,0,0,1863,1863,6,0,1256,1863,38,0,0,0,1863,23,1863,1787,45,42,0,604,1863,1844,1863,0,33,1613,1863,20,73,0,0,0,1863,0,0,1863,0,0,0,0,0,0,0,0,0,1863,0,755,1863,294,1863,1863,0,1863,405,1863,0,1682,906,1863,1863,0,1258,1863,49,1429,0,0,0,705,512,1863,61,0,1786,1812,50,1863,1775,0,1306,1863,1863,1863,343,1863,0,1863,1863,353,69,174,1863,1863,0,623,1863,2,0,1863,629,0,1818,1863,0,0,0,0,1863,0,0,63,0,0,0,0,0,0,0,0,0,0,0,0,0,146,1863,1863,1863,1863,1681,1863,0,0,3,396,106
27,Tropical and West Equatorial Atlantic,475,584,0,18770,18619,18633,79,0,18770,2830,18770,789,1,18770,3880,18770,18770,892,14241,0,18739,18598,4,6193,2274,18661,18529,18756,497,18157,18660,3232,1333,18770,18675,1299,5218,13121,18770,3112,1186,0,14171,18770,2653,18722,3080,869,1530,6,1841,18674,14470,15112,0,210,11534,18770,9,3618,0,8,14,18643,5,2147,18661,40,31,0,0,0,0,113,0,0,4356,1594,12703,18768,316,18770,18661,7,18770,8347,18770,2429,7196,6719,4437,18770,7509,837,18770,368,8343,0,0,4770,831,967,18766,99,32,18110,17673,476,18770,12488,2766,15732,18661,18770,18770,2340,18725,5115,18661,18770,563,672,163,18770,18770,7814,194,18544,7591,7036,18770,12642,0,13868,18770,137,0,0,1102,18770,0,0,7,0,0,97,0,1005,7,0,12591,0,0,7837,4084,0,342,11968,18187,11128,18770,15540,5450,0,0,0,9947,138
28,Guinea Basin and East Equatorial Atlantic,49,143,0,2877,2877,2715,3,0,2877,2541,2877,4,0,2877,429,2877,2877,66,2327,0,2877,2877,0,743,1831,2775,2877,2877,719,2877,2775,840,1033,2877,2877,0,1554,2615,2877,2006,10,0,2441,2877,52,2877,379,618,52,0,1543,2877,2374,2877,0,31,2775,2877,0,2137,0,0,5,2877,0,122,2775,43,1,0,0,0,0,104,0,0,429,775,2143,2877,28,2877,2775,0,2877,0,2877,0,1839,1751,436,2877,2448,141,2877,5,2285,0,0,600,267,6,2877,19,2,2611,2580,1262,2877,2757,879,2197,2775,2877,2877,8,2877,2365,2775,2877,111,20,3,2877,2877,2213,68,2877,2064,2290,2877,581,0,2775,2877,133,0,0,0,2877,0,0,0,0,0,0,5,5,0,0,2440,0,0,2448,1777,0,27,2775,2870,1335,2877,2232,769,0,0,0,1572,125
29,Benguela Upwelling,42,0,0,1699,1418,1699,2,0,1488,199,1699,0,0,1699,0,1699,1699,7,1654,0,1699,1591,34,1230,45,1699,1694,1215,0,1446,1699,1699,0,1699,1220,0,1471,1499,1699,0,1450,0,1657,1699,0,1093,0,0,1,0,309,1143,56,836,0,19,614,1699,15,121,0,562,651,1699,902,1429,1699,47,614,57,0,90,0,939,749,0,0,1699,1391,1699,17,1699,1695,177,1699,998,1699,1218,956,1604,23,1699,1699,0,1699,42,1699,0,0,1206,1634,8,1251,45,51,1239,1699,227,1699,28,1699,1375,1699,1699,1699,1344,1699,1699,1699,1699,119,13,4,1699,1699,1699,0,1699,175,1680,1699,1122,0,970,1674,0,0,0,726,1699,0,227,0,70,0,846,452,1639,154,0,1694,0,0,1699,1699,0,14,1070,685,1699,1699,1329,1159,0,0,10,446,128
30,South Atlantic,397,0,0,14808,8538,14808,0,0,9887,0,14808,0,0,14808,0,14808,14808,17,14808,0,14808,14686,35,14342,0,14808,14808,6335,0,9164,14808,12289,0,14239,3812,0,14808,14808,14808,59,10331,0,9895,14808,96,7182,0,0,4,0,18,6902,873,1941,0,7,0,14808,0,1032,0,1626,1245,14808,4060,13396,14808,0,960,0,2,6,0,1996,4082,0,0,10813,14808,14382,12,14808,13762,10,14808,14808,13530,14808,20,14808,2954,14808,13445,0,14808,0,13620,0,0,14808,5940,0,7094,0,0,14808,14808,0,8192,1,10662,14804,14808,14808,14808,13942,13272,12708,14808,13739,0,237,0,14783,12293,14808,0,14808,830,14808,14808,13960,0,4,13921,0,0,0,10732,14808,0,130,0,0,0,4981,295,7028,38,0,14808,0,0,14808,13295,0,0,19,4655,13111,14808,14808,181,0,0,0,1988,114
31,Circumglobal Subtropical Front,181,0,0,27474,217,15600,126,1189,574,7,33651,0,0,16176,0,12568,33720,2,9721,0,8618,8175,26002,6658,0,5419,33622,127,0,1244,5419,33742,0,5307,303,0,33661,33112,28346,0,33742,0,5003,20566,0,66,0,0,0,0,0,397,0,9427,0,0,0,33523,0,206,953,27489,30433,33742,33313,26060,5365,0,27447,7312,17784,3644,854,30341,32470,0,0,33742,33231,2914,1430,16222,1131,14700,17417,20983,3321,33250,0,33001,16087,30301,33742,0,32643,0,33742,1497,0,33083,32954,0,99,0,0,5215,33664,0,2427,0,33742,3581,5419,33742,33736,32546,6367,33742,5326,8912,0,67,0,13276,611,23584,0,14412,177,33742,33362,1253,0,0,1717,0,0,0,23907,33510,0,15281,0,8341,0,32896,27051,33708,16010,0,25404,0,0,33681,33742,0,82,0,0,5419,33388,5927,1766,0,0,0,1483,112
32,Subantarctic,0,0,0,4061,0,7942,0,379,15,8,15820,0,0,1025,0,1102,20354,0,297,0,648,396,12185,68,0,6189,15210,0,0,0,4631,28513,0,259,12,0,14072,8970,5744,0,27004,0,18,1815,0,0,0,0,0,0,0,0,0,713,0,0,0,12901,0,0,20263,32186,30146,23662,32355,5097,2750,0,32293,29537,31531,26969,17533,32336,31181,0,0,24301,10949,8,0,1073,0,31540,550,2548,147,29064,0,28173,2705,8880,31934,0,8959,0,32023,1276,0,17738,32355,0,0,0,0,2200,17368,0,217,0,31941,72,6931,23986,23150,7920,0,32355,2284,872,0,0,0,633,0,2386,0,1149,0,32355,18514,0,0,0,1,0,0,0,6478,13019,0,31630,0,28281,0,32355,32308,31893,31416,0,2377,0,0,15073,29977,0,0,0,0,5047,9505,124,33,0,0,0,0,93
33,Antarctic/Southern Ocean,0,0,0,0,0,183,0,0,0,0,407,0,0,0,0,0,425,0,0,0,124,0,172,0,0,12071,102,0,0,0,31,3093,0,0,0,0,73,0,0,0,3416,0,0,1,0,0,0,0,0,0,0,0,0,0,0,0,0,14,0,0,106479,106569,8985,1001,55929,8,3,0,78829,106569,80010,96843,103892,49819,15343,0,0,846,214,0,0,0,0,106569,0,0,0,3581,0,8483,0,614,11625,0,0,0,10008,0,0,832,42105,0,0,0,0,1239,207,0,0,0,18935,0,15544,1216,1389,2,0,66135,6295,0,0,0,0,0,0,0,0,19,0,106569,287,0,0,0,0,0,0,0,0,34,0,69880,0,106538,0,49948,97453,15680,86834,0,0,0,0,137,6761,0,0,0,0,87,0,0,0,0,10,0,0,60
,total_regions_present,28,12,6,32,22,21,27,10,29,27,33,25,12,31,10,32,33,27,30,4,32,29,16,26,21,14,32,30,21,31,25,16,18,31,30,21,20,30,32,21,14,4,27,33,25,29,9,23,24,18,25,29,9,28,4,23,6,33,14,26,3,14,17,33,14,18,15,14,20,7,8,10,4,23,12,8,9,17,30,28,28,32,11,12,32,21,31,18,12,25,31,32,19,9,30,17,25,4,4,17,24,22,30,18,11,14,28,22,31,25,19,13,14,31,33,25,30,21,14,31,22,28,22,32,30,17,11,31,27,19,29,11,10,9,32,18,3,4,11,33,6,16,6,8,4,20,13,14,14,4,18,4,4,18,16,5,26,11,26,18,32,29,31,3,5,12,30,
